Workbook

Sheet BOM_Error_Data
A1: Date | B1: Unit_ID | C1: Error_Type | D1: Stage_Detected | E1: Department_Origin | F1: Time_to_Resolve_Hours | G1: Rework_Required | H1: Estimated_Impact_Cost_USD
A2: 45684 | B2: WT071003 | C2: Incorrect Metadata | D2: Pre-Release Review | E2: Manufacturing | F2: 1.8 | G2: No | H2: 0
A3: 45776 | B3: WT071050 | C3: Wrong Revision | D3: Manufacturing Review | E3: Manufacturing | F3: 1.07 | G3: Yes | H3: 4049.59
A4: 45675 | B4: WT071004 | C4: Hierarchy Issue | D4: SAP Load | E4: Procurement | F4: 4.35 | G4: No | H4: 0
A5: 45723 | B5: WT071071 | C5: Wrong Revision | D5: SAP Load | E5: Engineering | F5: 2.56 | G5: Yes | H5: 1747.02
A6: 45781 | B6: WT071001 | C6: Wrong Revision | D6: Manufacturing Review | E6: Manufacturing | F6: 2.27 | G6: No | H6: 0
A7: 45735 | B7: WT071069 | C7: Hierarchy Issue | D7: SAP Load | E7: Procurement | F7: 4.14 | G7: Yes | H7: 4282.65
A8: 45837 | B8: WT071011 | C8: Duplicate Part | D8: Pre-Release Review | E8: Procurement | F8: 0.71 | G8: No | H8: 0
A9: 45801 | B9: WT071069 | C9: Wrong Revision | D9: SAP Load | E9: Procurement | F9: 5.05 | G9: Yes | H9: 819.44
A10: 45729 | B10: WT071019 | C10: Missing Part | D10: SAP Load | E10: Procurement | F10: 5.64 | G10: No | H10: 0
A11: 45773 | B11: WT071077 | C11: Incorrect Metadata | D11: SAP Load | E11: Manufacturing | F11: 5.36 | G11: No | H11: 0
A12: 45758 | B12: WT071081 | C12: Hierarchy Issue | D12: SAP Load | E12: Engineering | F12: 3.54 | G12: No | H12: 0
A13: 45806 | B13: WT071087 | C13: Wrong Revision | D13: Manufacturing Review | E13: Procurement | F13: 5.74 | G13: No | H13: 0
... A121: 45664 | B121: WT071022 | C121: Duplicate Part | D121: SAP Load | E121: Procurement | F121: 3.6 | G121: Yes | H121: 3482.98

Sheet Revision_Change_Log
A1: Date | B1: Unit_ID | C1: Part_Number | D1: Old_Revision | E1: New_Revision | F1: Change_Reason | G1: Rework_Required
A2: 45753 | B2: WT071157 | C2: PN-10902 | D2: A | E2: C | F2: Design Update | G2: No
A3: 45696 | B3: WT071146 | C3: PN-18070 | D3: C | E3: C | F3: Design Update | G3: No
A4: 45826 | B4: WT071159 | C4: PN-14618 | D4: A | E4: D | F4: Vendor Change | G4: No
A5: 45665 | B5: WT071116 | C5: PN-11239 | D5: C | E5: D | F5: Error Correction | G5: No
A6: 45779 | B6: WT071144 | C6: PN-10227 | D6: B | E6: C | F6: Error Correction | G6: Yes
A7: 45767 | B7: WT071146 | C7: PN-15713 | D7: C | E7: B | F7: Vendor Change | G7: No
A8: 45716 | B8: WT071106 | C8: PN-12940 | D8: C | E8: C | F8: Vendor Change | G8: Yes
A9: 45723 | B9: WT071172 | C9: PN-16151 | D9: C | E9: B | F9: Error Correction | G9: Yes
A10: 45765 | B10: WT071169 | C10: PN-10374 | D10: A | E10: C | F10: Vendor Change | G10: Yes
A11: 45809 | B11: WT071194 | C11: PN-16834 | D11: A | E11: C | F11: Error Correction | G11: Yes
A12: 45723 | B12: WT071180 | C12: PN-13391 | D12: C | E12: D | F12: Design Update | G12: Yes
A13: 45720 | B13: WT071102 | C13: PN-12357 | D13: C | E13: B | F13: Standardization | G13: No
... A101: 45754 | B101: WT071142 | C101: PN-16200 | D101: A | E101: D | F101: Standardization | G101: Yes

Sheet KPI_Summary
A1: Metric | B1: Value
A2: Total BOM Errors | B2: 120
A3: Rework Rate (%) | B3: 51.67
A4: Average Resolution Time (hrs) | B4: 3.09
A5: Total Estimated Cost Impact ($) | B5: 164235.38

Sheet Pivot_Error_Type
A1: Error_Type | B1: Error_Count
A2: Duplicate Part | B2: 23
A3: Hierarchy Issue | B3: 23
A4: Incorrect Metadata | B4: 25
A5: Missing Part | B5: 19
A6: Wrong Revision | B6: 30

Sheet Pivot_Stage
A1: Stage_Detected | B1: Error_Count
A2: Manufacturing Review | B2: 33
A3: Pre-Release Review | B3: 47
A4: SAP Load | B4: 40

Sheet Pivot_Monthly_Trend
A1: Month | B1: Error_Count
A2: 2025-01 | B2: 23
A3: 2025-02 | B3: 13
A4: 2025-03 | B4: 33
A5: 2025-04 | B5: 12
A6: 2025-05 | B6: 23
A7: 2025-06 | B7: 16

Sheet Calc_Tables
A1: KPI Summary (formula-driven)
A3: Total BOM Errors | B3: =COUNTA(BOM_Error_Data!A2:A121) -> 120
A4: Rework Rate (%) | B4: =IFERROR(COUNTIF(BOM_Error_Data!G2:G121,"Yes")/COUNTA(BOM_Error_Data!A2:A121)*100,0) -> 51.666667
A5: Average Resolution Time (hrs) | B5: =IFERROR(AVERAGE(BOM_Error_Data!F2:F121),0) -> 3.0915
A6: Total Estimated Cost Impact ($) | B6: =IFERROR(SUM(BOM_Error_Data!H2:H121),0) -> 164235.38
A9: Errors by Type
A10: Error_Type | B10: Count | D10: Stage_Detected | E10: Count
A11: Duplicate Part | B11: =COUNTIF(BOM_Error_Data!C2:C121,A11) -> 23 | D11: Manufacturing Review | E11: =COUNTIF(BOM_Error_Data!D2:D121,D11) -> 33
A12: Hierarchy Issue | B12: =COUNTIF(BOM_Error_Data!C2:C121,A12) -> 23 | D12: Pre-Release Review | E12: =COUNTIF(BOM_Error_Data!D2:D121,D12) -> 47
A13: Incorrect Metadata | B13: =COUNTIF(BOM_Error_Data!C2:C121,A13) -> 25 | D13: SAP Load | E13: =COUNTIF(BOM_Error_Data!D2:D121,D13) -> 40
A14: Missing Part | B14: =COUNTIF(BOM_Error_Data!C2:C121,A14) -> 19
A15: Wrong Revision | B15: =COUNTIF(BOM_Error_Data!C2:C121,A15) -> 30
A20: Monthly Error Trend
A21: Month | B21: Start | C21: End | D21: Error_Count
A22: Jan 2025 | B22: 45658 | C22: 45689 | D22: =COUNTIFS(BOM_Error_Data!A2:A121,">="&B22,BOM_Error_Data!A2:A121,"<"&C22) -> 23
A23: Feb 2025 | B23: 45689 | C23: 45717 | D23: =COUNTIFS(BOM_Error_Data!A2:A121,">="&B23,BOM_Error_Data!A2:A121,"<"&C23) -> 13
A24: Mar 2025 | B24: 45717 | C24: 45748 | D24: =COUNTIFS(BOM_Error_Data!A2:A121,">="&B24,BOM_Error_Data!A2:A121,"<"&C24) -> 33
A25: Apr 2025 | B25: 45748 | C25: 45778 | D25: =COUNTIFS(BOM_Error_Data!A2:A121,">="&B25,BOM_Error_Data!A2:A121,"<"&C25) -> 12
A26: May 2025 | B26: 45778 | C26: 45809 | D26: =COUNTIFS(BOM_Error_Data!A2:A121,">="&B26,BOM_Error_Data!A2:A121,"<"&C26) -> 23
A27: Jun 2025 | B27: 45809 | C27: 45839 | D27: =COUNTIFS(BOM_Error_Data!A2:A121,">="&B27,BOM_Error_Data!A2:A121,"<"&C27) -> 16

Sheet Dashboard
A1: Engineering ERP Data Validation Dashboard (Simulated)
A3: KPI | B3: Value | D3: Insights (auto)
A4: =Calc_Tables!A3 -> Total BOM Errors | B4: =Calc_Tables!B3 -> 120 | D4: Top Error Type: | E4: =INDEX(Calc_Tables!A11:A15,MATCH(MAX(Calc_Tables!B11:B15),Calc_Tables!B11:B15,0)) -> Wrong Revision
A5: =Calc_Tables!A4 -> Rework Rate (%) | B5: =Calc_Tables!B4 -> 51.666667 | D5: Top Detection Stage: | E5: =INDEX(Calc_Tables!D11:D13,MATCH(MAX(Calc_Tables!E11:E13),Calc_Tables!E11:E13,0)) -> Pre-Release Review
A6: =Calc_Tables!A5 -> Average Resolution Time (hrs) | B6: =Calc_Tables!B5 -> 3.0915 | D6: Rework %: | E6: =Calc_Tables!B4 -> 51.666667
A7: =Calc_Tables!A6 -> Total Estimated Cost Impact ($) | B7: =Calc_Tables!B6 -> 164235.38
